{
  "recall": 0.8288770053475936,
  "precision": 0.45925925925925926,
  "business_score": 0.00532292405961675,
  "profit_total": 7.5,
  "clients_rates": 64,
  "threshold": 0.43621018528938293,
  "features_used": [
    "Ratio_MonthlyCharges_tenure",
    "Contract",
    "tenure",
    "tenure_segment_encoded",
    "is_new_customer"
  ]
}